915545,Patty O'Furniture,51,Canadian
815847,Paddy O'Furniture,53,Japanese
109630,Olive Yew,69,Japanese
479669,Aida Bugg,23,Canadian
479022,Maureen Biologist,24,Russian
720707,Teri Dactyl,59,German
495224,Peg Legge,28,Canadian
510554,Allie Grater,18,Italian
655795,Liz Erd,19,Italian
610395,A. Mused,20,Canadian
928208,Constance Noring,88,Russian
897438,Lois Di Nominator,21,Canadian
605311,Minnie Van Ryder,65,German
530178,Lynn O'Leeum,74,Japanese
717866,Ray O'Sun,64,German
969202,Lee A. Sun,44,German
408811,Ray Sin,70,Canadian
519126,Isabelle Ringing,52,Canadian
900733,Eileen Sideways,25,British
157435,Rita Book,49,Italian
294909,Paige Turner,44,Canadian
885817,Rhoda Report,79,Canadian
746855,Augusta Wind,36,British
917327,Chris Anthemum,79,British
604345,Anne Teak,42,Canadian
884447,U.R. Nice,84,Canadian
283711,Anita Bath,18,Canadian
528396,Harriet Upp,29,American
538734,I.M. Tired,45,Canadian
616386,I. Missy Ewe,41,Japanese
510789,Ivana B. Withew,51,Canadian
395197,Anita Letterback,77,French
587445,Hope Furaletter,45,Russian
986470,B. Homesoon,24,American
684222,Bea Mine,49,Canadian
343445,Bess Twishes,62,American
163039,C. Yasoon,73,German
104989,Audie Yose,31,British
514823,Dee End,54,Italian
839774,Eileen Dover,57,British
111864,Willie Makit,51,Canadian
652332,Willie Findit,37,Canadian
322734,Skye Blue,65,Russian
350575,Staum Clowd,31,Canadian
753545,Addie Minstra,30,Russian
348190,Dee Zynah,59,Japanese
387865,Hugh Mannerizorsa,64,Canadian
881975,Loco Lyzayta,46,French
952003,Manny Jah,71,Russian
373930,Mark Ateer,33,Russian
248265,Reeve Ewer,67,German
401220,Barry Kade,67,Canadian
332521,Stan Dupp,35,French
369414,Neil Down,51,Canadian
590187,Con Trariweis,85,Canadian
693198,Don Messwidme,41,American
864119,Anna Domino,74,American
403670,Anna Logwatch,69,British
843466,Anna Littical,78,Canadian
218999,Norma Leigh Absent,90,Japanese
509966,Saul Goodmate,57,Japanese
369902,Ty Ayelloribbin,71,French
902372,Hugo First,64,Russian
826399,Percy Vere,61,American
228179,Olive Tree,77,Canadian
885003,Ev R. Lasting,28,Japanese
279130,Anne Thurium,44,Canadian
818374,Cherry Blossom,36,Russian
468702,Glad I. Oli,46,Canadian
522427,Ginger Plant,42,Canadian
569254,Del Phineum,59,Canadian
185481,Rose Bush,22,Canadian
651682,Perry Scope,24,Russian
970906,Frank N. Stein,23,American
648545,Roy L. Commishun,71,Italian
983648,Pat Thettick,76,Canadian
680612,Percy Kewshun,41,Canadian
224025,Rod Knee,63,German
106183,Hank R. Cheef,62,French
846980,Pat N. Toffis,74,American
750147,Karen Onnabit,64,Italian
909666,Fay Daway,28,Canadian
490426,Joe V. Awl,82,Italian
954946,Wes Sugar,60,Canadian
198468,Colin Sik,19,Canadian
411501,Greg Arias,29,Canadian
553586,Toi Story,34,French
557101,Gene Eva Convenshun,82,Japanese
555857,Simon Sais,35,British
655351,Peter Owt,37,Canadian
227468,Hugh N. Cry,28,Canadian
333004,Lee Nonmi,28,Russian
724967,Lynne Gwafranca,41,French
604843,Art Decco,86,French
882866,Lynne Gwistic,31,Canadian
994397,Polly Ester Jaquette,27,Russian
762494,Oscar Nommanee,31,Russian
430072,Laura Biding,69,British
798852,Laura Norda,46,Italian
947197,Des Ignayshun,33,Japanese
542439,Mike Rowe-Soft,84,Canadian
655757,Anne T. Kwayted,75,Italian
210240,Wayde N. Thabalanz,37,Canadian
419226,Dee Mandingboss,68,American
438251,Sly Meedentalfloss,50,German
346767,Wynn Dozeaplikayshun,69,Canadian
610650,Mal Ajusted,43,Canadian
342889,Mal Nurrisht,55,Italian
248551,Polly Piper,53,Italian
237972,Polly Wannakrakouer,19,Canadian
257045,Con Staninterupshuns,58,Canadian
507439,Fran Tick,72,French
975293,Santi Argo,35,Russian
821745,Ester La Vista,61,French
918403,Manuel Labor,42,French
589553,Ivan Itchinose,80,Russian
275569,Ivan Notheridiya,88,British
606012,Emma Grate,86,Russian
934411,Annie Versaree,72,Canadian
360614,Tim Midsaylesman,56,Canadian
329993,Mary Krismass,49,German
988040,Tim Buck Too,60,Russian
645935,Wiley Waites,27,Japanese
573816,Ed U. Cayshun,18,Italian
295828,Anne T. Dote,70,French
985327,Claude Strophobia,31,British
470811,Dulcie Veeta,50,Canadian
831198,Abby Normal,70,Canadian
577385,Ann Chovey,51,Canadian
991358,Barry Cuda,86,Canadian
885813,John Dory,49,Russian
397684,Murray Cod,41,Italian
518604,Coral Trout,68,Japanese
960941,Red Salmon,50,Italian
974970,Tiger Prawn,47,French
499489,Rock Cod,80,Japanese
585545,Rock Lobster,76,Canadian
371567,Manta Ray,37,British
864769,Hazel Nutt,42,British
356793,Chris P. Bacon,51,French
788628,Chris P. Creem,23,German
338699,Marsha Mellow,66,Canadian
807910,Barb Akew,69,British
612358,Marge Areen,83,Canadian
689829,Apple Crumb-Ball,41,Canadian
621598,Rosemary Lamb,40,Russian
551406,Cesar Salad,36,British
539225,Frank Furter,36,American
841822,Polly N. Satcherayted,34,Canadian
427235,Des E. Kaytedcoconut,76,British
216718,Con Junktivitas,79,Italian
920672,Gus Stroentereyetus,40,Italian
710512,Arthur Rightus,55,French
276743,Al Zeimers,52,Italian
253936,Perry Tonitus,40,Japanese
321321,Gene Therapee,37,Canadian
346508,Di Allysis,33,Japanese
919093,Sarah Bellam,24,Russian
385938,Sam Urai,85,German
149554,Ty Tannick,75,British
707939,Wayne Dear,71,Canadian
677384,Hardy Har,73,Canadian
737708,Carrie Oakey,70,American
346536,Cal Seeium,59,American
759730,Kash Register,55,Canadian
480490,Bill Ding,34,American
609822,Adam Baum,38,Canadian
800803,Adam Zapel,26,Canadian
940232,Al Dente,18,British
535265,Al Fresco,50,Canadian
100910,Al K. Seltzer,18,French
667879,Alf A. Romeo,54,Canadian
664765,Ali Gaither,29,French
938760,Ali Katt,42,German
818874,Amanda Lynn,33,Canadian
929675,Andy Friese,84,Russian
710082,Anita Bathe,84,Canadian
976339,Anita Hanke,79,American
605153,Anita Job,88,Canadian
685367,Anita Knapp,37,French
630899,Anita Little,40,British
244677,Anita Plummer,53,Canadian
230553,Anna Conda,34,Canadian
651601,Anna Fender,60,Canadian
406528,Anna Graham,61,Canadian
114868,Anna Prentice,87,British
963805,Anna Sasin,55,Canadian
804589,Annette Curtain,36,Canadian
426034,Annie Howe,87,Italian
789252,Annie Matter,59,British
453758,April May,22,Canadian
119935,April Schauer,60,Russian
398570,Aretha Holly,23,French
398223,Armand Hammer,73,American
602560,Art Major,35,French
333602,Art Painter,84,British
394432,Art Sellers,78,Canadian
839206,B.A. Ware,79,British
976298,Barb Dwyer,61,Japanese
897392,Barb E. Dahl,45,Japanese
125016,Barbara Seville,72,French
688101,Barry Cade,64,German
986117,Bea Minor,87,Italian
980572,Dee Major,72,Canadian
210712,Beau Archer,79,Japanese
828068,Beau Kaye,24,British
319538,Beau Tye,83,Canadian
480523,Skip Dover,65,French
375763,Biff Wellington,71,Canadian
683546,Bill Board,86,French
851119,Bill Foldes,33,Canadian
726043,Bill Loney,40,Canadian
835151,Billy Rubin,68,French
736369,Bob Apple,18,American
391998,Bob Katz,88,Canadian
593904,Tom Katz,22,Italian
433532,Kitty Katz,80,Canadian
722897,Bonnie Ann Clyde,37,Russian
260463,Brandon Cattell,86,Canadian
503045,Brandy D. Cantor,42,Canadian
993624,Brighton Early,23,Canadian
290662,Brock Lee,38,Russian
843362,Brooke Trout,55,Canadian
864521,Bud Light,57,American
911802,Bud Wieser,75,Russian
903951,C. Senor,30,Canadian
697268,C. Worthy,55,British
772570,C. Write,53,Russian
240025,Cam Payne,24,Italian
289822,Candace Spencer,75,Russian
204127,Candy Barr,60,Canadian
637344,Candy Baskett,24,Japanese
535239,Candy Kane,55,Russian
358174,Candy Sweet,47,Italian
434366,Cara Van,58,Canadian
360284,Carrie Dababi,76,Italian
415511,Charity Case,29,French
725456,Cheri Pitts,71,Canadian
801775,Chip Munk,86,French
191674,Chris Coe,69,British
268483,Chris Cross,49,British
326243,Corey Ander,38,Canadian
375617,Corey O. Graff,34,Canadian
705388,Count Dunn,51,Canadian
698860,Crystal Ball,83,Russian
420636,Crystal Claire Waters,50,Canadian
567170,Crystal Glass,43,French
770976,D. Kay,60,Russian
503005,D. Liver,73,French
715180,Dan D. Lyons,59,Italian
352110,Dan Deline,58,British
595194,Dan Druff,85,Italian
251201,Dan Saul Knight,75,British
756693,Darren Deeds,64,Italian
599503,Dear Beloved,87,German
642564,Dinah Soares,46,Canadian
926772,Don Key,48,Russian
159159,Mickey Mouse,27,French
105785,Donald Duck,83,French
497900,Doris Schutt,63,Japanese
358706,Doo Little,75,Russian
420166,Doo A. Lott,56,Canadian
296125,Doug Graves,27,French
935272,Doug Hole,25,Canadian
635891,Doug Updegrave,59,Canadian
164412,Phil Updegrave,59,Italian
365037,Doug Witherspoon,61,British
641304,Douglas Furr,56,Canadian
891546,Dr. Croak,34,Russian
476871,Dr. Butcher,60,Italian
106524,Dr. DeKay,82,British
840174,Dr. Gutstein,24,Russian
735664,Dr. Hurt,55,German
659031,Dr. I. Ball,65,Canadian
967517,Dr. Kauff,34,Canadian
627528,Dr. Killum,49,Italian
115825,Dr. Look,46,Italian
308371,Dr. Looney,29,Japanese
667795,Dr. Payne,25,Russian
940679,Dr. Pullham,67,Canadian
285521,Dr. Slaughter,65,Canadian
852962,Dr. Surgeon,44,Canadian
615497,Dr. E. Ville,64,American
749122,Dusty Carr,63,German
717950,Dusty Rhodes,82,German
305325,Earl E. Bird,60,Canadian
122725,Earl Lee Riser,31,Japanese
175385,Easton West,41,British
985926,Eaton Wright,34,Canadian
479198,Liv Good,47,Canadian
507268,D.C. Current,75,American
280734,A.C. Current,75,Canadian
293260,Ella Vader,64,Canadian
756229,E. Coli,46,British
342792,Ferris Wheeler,21,British
803264,Flint Sparks,27,British
726644,Ford Parker,88,Canadian
995223,Forrest Green,82,French
396051,Dr. Frank Bonebreak,30,British
688768,Frank Enstein,18,French
142968,Dr. Franklin Stein,72,Canadian
284092,Gail Storm,89,Canadian
594258,Gene Poole,88,Italian
641239,Geoff L. Tavish,51,German
393170,Gil Fish,57,French
342558,Ginger Rayl,82,Japanese
371176,Ginger Snapp,82,Russian
464386,Ginger Vitus,47,Canadian
464962,Harry Beard,54,British
761933,Heidi Clare,21,French
206787,Helen Back,57,Canadian
230835,Helen Wiells,49,Russian
739281,Herb Farmer,41,Italian
695201,Herb Rice,69,Russian
456392,Holly McRell,21,German
703664,Holly Day,31,American
613854,Holly Wood,74,Canadian
378952,Honey Bee,69,Russian
466956,Howie Doohan,44,American
653961,Hugh Morris,45,Canadian
167334,Hy Ball,24,French
298829,Hy Lowe,36,Canadian
543479,Bea Lowe,84,British
589428,Hy Marx,42,Japanese
443807,Hy Price,79,German
886800,I.D. Clair,28,Canadian
771528,I. Lasch,21,Canadian
355888,I.M. Boring,65,Canadian
359259,Ima Hogg,27,Canadian
249018,Iona Ford,18,Canadian
794559,Iona Frisbee,29,Canadian
765996,Iona Stonehouse,26,German
977589,Isadore Bell,57,Canadian
654474,Ivy Leage,35,British
574098,Jack Pott,38,French
927729,Jack Tupp,66,Russian
261257,Jacklyn Hyde,22,French
997345,Jasmine Rice,24,Italian
181658,Jay Walker,78,German
847874,Jean Poole,74,Canadian
256734,Jed Dye,44,Canadian
423708,Jerry Atrick,47,Japanese
959186,Jim Shorts,39,Italian
155206,Jim Shu,27,Italian
167049,Jim Sox,78,Canadian
249971,Jo King,73,Canadian
844009,Joe Kerr,62,Russian
790337,Jordan Rivers,35,Japanese
396855,Joy Kil,57,Japanese
174849,Joy Rider,36,Japanese
850333,June Bugg,45,American
696933,Justin Case,24,Canadian
837096,Justin Sane,51,German
301433,Justin Time,62,Canadian
876945,Kandi Apple,55,German
356866,Kay Bull,69,German
985110,Ken Dahl,25,Canadian
301139,Kent C. Strait,83,French
664432,Kenya Dewit,48,Canadian
566936,Kerry Oki,49,Canadian
360703,King Queene,66,Italian
415324,Light Speed,68,Canadian
806031,Laura Lynne Hardy,24,Canadian
689249,Laurel Ann Hardy,90,Canadian
122222,Laura Norder,53,Canadian
210499,Les Moore,20,Canadian
821212,Les Payne,61,German
549094,Les Plack,64,French
360745,Lewis N. Clark,60,German
761632,Lily Pond,70,Canadian
476861,Lisa Carr,81,Canadian
861864,Kitty Carr,42,Russian
686740,Otto Carr,27,French
624481,Parker Carr,19,Russian
429827,Lisa Ford,19,Canadian
565883,Lisa Honda,43,Italian
810951,Iona Corolla,40,French
999121,Liv Long,85,Japanese
340335,Lois Price,72,Japanese
355682,Lou Pole,53,Canadian
918324,Luckey Chance,46,Russian
745306,Lucy Fer,57,Canadian
705193,Luke Warm,41,Italian
492619,Lynn O. Liam,39,Canadian
263499,M. Balmer,47,French
709082,Mark Skid,88,Canadian
348063,Manny Kinn,55,German
361869,Marshall Law,79,German
689395,Marty Graw,58,American
553632,Mary Christmas,26,Canadian
758718,Matt Tress,54,Canadian
379322,Maude L.T. Ford,62,British
666815,Max Power,59,American
551538,May Day,78,Canadian
115645,May Furst,19,German
618602,Mel Loewe,89,British
582201,Melba Crisp,88,German
514920,Melody Music,53,Canadian
581176,Mike Raffone,43,Canadian
116643,Mike Reinhart,44,German
578835,Mike Stand,40,Canadian
844397,Milly Graham,76,Russian
164226,Minny van Gogh,26,British
611821,Missy Sippy,52,Japanese
425536,Misty Waters,58,French
768228,Misty C. Shore,26,Canadian
329987,Rocky Shore,18,American
694258,Sandy C. Shore,69,Canadian
601192,Moe B. Dick,85,Russian
810636,Moe DeGrasse,59,British
794272,Morey Bund,83,French
178456,Muddy Waters,18,Canadian
548785,Myles Long,86,French
679442,Neil McNeil,41,Canadian
761491,Nick O. Time,49,Canadian
685787,Noah Riddle,70,Italian
358836,Noah Liddle,30,Canadian
582996,Noah Lott,28,Canadian
926211,Norma Leigh Lucid,74,British
554174,Olive Branch,69,German
869864,Olive Green,86,Canadian
872464,Olive Hoyl,58,Russian
826008,Oliver Sutton,76,Canadian
784409,Ophelia Payne,55,German
953579,Oren Jellow,47,American
754138,Otto Graf,77,Canadian
860680,Owen Big,43,British
322557,Owen Cash,83,American
523752,Owen Moore,59,British
581902,Pat Downe,36,Canadian
495407,Patience Wait,50,American
906590,Pearl E. Gates,36,British
747119,Pearl E. White,59,French
283111,Penny Dollar,34,American
391240,Bill Dollar,45,British
431574,Penny Lane,85,German
713817,Penny Nichols,67,Japanese
746600,Penny Profit,24,Canadian
806852,Penny Wise,34,Canadian
128753,Pepe Roni,59,Canadian
109969,Pete Moss,47,Canadian
281546,Forest Moss,42,American
665076,Phil Bowles,36,Canadian
198164,Phil Graves,43,French
640634,Phil Wright,69,Canadian
594056,King Phillip,43,Japanese
431288,Pierce Deere,89,Japanese
850384,Pierce Hart,40,British
377925,Polly Ester,48,American
413180,Post Mark,84,Italian
800122,Price Wright,47,Canadian
405262,R. M. Pitt,20,French
434150,Random Guy,63,French
685990,Raney Schauer,29,American
553302,Ray Gunn,47,Canadian
924747,Ray Zenz,18,Canadian
661218,Raynor Schein,48,American
761056,Reid Enright,42,Canadian
582067,Rex Easley,87,British
368446,Rhea Curran,64,British
511369,Rhoda Booke,90,Canadian
468447,Rita Booke,73,Canadian
524224,Rich Feller,29,Canadian
420029,Rich Guy,48,British
959373,Rich Kidd,87,American
577237,Rich Mann,50,Canadian
445779,Rick O'Shea,84,Italian
140345,Rick Shaw,25,Canadian
443517,Rita Buch,37,Canadian
656959,Rita Story,27,Canadian
920681,Robin Andis Merryman,20,German
656543,Robin Banks,71,Canadian
292326,Rob Banks,30,Japanese
690115,Robin Feathers,69,British
602587,Robin Money,40,Russian
910424,U. O. Money,68,Canadian
491584,Robert Soles,72,German
740043,Rock Stone,65,Canadian
985518,Rocky Beach,26,Italian
967493,Sandy Beach,71,British
442021,Rocky Mountain,25,French
118319,Cliff Mountain,85,Canadian
668285,Rocky Rhoades,66,Canadian
124559,Rod N. Reel,42,German
909244,Roman Holiday,75,Japanese
831656,Rose Gardner,29,French
438612,Rowan Boatman,40,Canadian
158748,Royal Payne,82,British
331940,Russell Leeves,85,German
535582,Russell Sprout,45,British
663130,Rusty Blades,19,Japanese
768859,Rusty Bridges,53,American
587822,Rusty Carr,42,Canadian
745291,Rusty Dorr,33,Japanese
843156,Rusty Fossat,32,Canadian
684844,Rusty Fender,75,Japanese
813378,Rusty Irons,50,French
710488,Rusty Keyes,34,German
956061,Rusty Nail,71,Japanese
280020,Rusty Pipes,73,French
853825,Rusty Steele,18,Canadian
726111,Ryan Carnation,84,American
859145,Ryan Coke,57,French
433970,Sal A. Mander,44,American
782483,Sal Minella,67,Canadian
194923,Sam Manilla,69,British
992498,Sarah Bellum,83,Canadian
600153,Sandy Banks,67,Canadian
987944,Sandy Beech,76,Canadian
175111,Sandy Brown,79,American
699113,Sandy Spring,76,Canadian
585400,Shanda Lear,22,Japanese
267328,Sharon A. Burger,23,Canadian
814087,Skip Roper,81,French
754598,Skip Stone,66,Canadian
948589,Sonny Day,29,Canadian
628717,Sno White,61,German
181161,Stan Still,36,Canadian
490619,Stanley Cupp,53,Russian
819227,Dr. Steven Sumey,49,American
339835,Sue Flay,21,French
389002,Sue Render,46,Canadian
484129,Summer Camp,64,Canadian
442526,Summer Day,76,Italian
563745,Summer Greene,54,Canadian
410684,Summer Holiday,72,Canadian
625132,Sy Burnette,26,Canadian
823680,Tad Moore,31,American
964804,Tad Pohl,64,Russian
851899,Tamara Knight,61,Canadian
490789,Ted E. Baer,78,Italian
533082,Terry Achey,23,Canadian
133331,Terry Bull,25,Japanese
843751,Therese R. Green,48,German
653464,Teresa Green,31,British
342777,Thomas Richard Harry,58,Canadian
824192,Tim Burr,52,Canadian
268504,Tish Hughes,34,French
413226,Tom A. Toe,31,British
879605,Tom Katt,21,Canadian
726599,Tom Morrow,34,Canadian
548866,Tommy Gunn,72,Italian
482323,Tommy Hawk,51,Canadian
973784,Ty Coon,48,German
724101,Ty Knotts,51,Russian
434667,Viola Solo,20,Canadian
503440,Virginia Beach,53,Italian
426057,Walter Melon,40,Canadian
940794,Wanda Rinn,59,Canadian
959494,Warren Peace,21,Russian
176565,Warren T.,81,Canadian
515390,Will Power,86,Canadian
152285,Will Race,43,Canadian
446733,Will Wynn,22,Canadian
490951,Willie Waite,82,Canadian
938133,Winsom Cash,34,Canadian
821002,Woody Forrest,86,Japanese
370027,X. Benedict,41,Canadian
660610,Lisbeth Barton,69,American
697137,Milagros Shanahan,60,American
341577,Dillon Dates,40,Canadian
382533,Elane Hibner,45,Canadian
861508,Carmela Bruemmer,72,Japanese
824185,Muoi Oertel,43,Japanese
799051,Rex Munk,45,Canadian
793350,Alene Platt,45,Canadian
633071,Hubert Pariseau,82,French
187488,Lakita Radebaugh,44,Japanese
370759,Jeanett Akridge,58,American
336131,Angie Steitz,33,French
748042,Shelly Contreras,66,American
449685,Genny Stano,62,German
764450,Rudolph Bale,61,Canadian
365108,Alexander Scriven,88,Canadian
155786,Shelby Spath,33,French
414406,Nan Peay,62,Canadian
243080,Chanell Flemister,45,American
936540,Marietta Urban,61,Canadian
820711,Jordan Lehto,41,British
961708,Kourtney Marvin,18,Italian
713042,Olympia Merritt,25,American
839692,Marion Lindsey,20,Russian
490234,Laurette Sue,28,Japanese
134115,Edwina Rincon,81,Canadian
755843,Laure Chea,24,Canadian
176792,Carolina Fischbach,84,Canadian
350744,Nydia Scruton,82,Canadian
715048,Bell Weitzel,62,Canadian
170740,Rachael Lessman,59,Canadian
780018,Marcella Revilla,65,Russian
422960,Veta Gaydos,57,American
436748,Wesley Pledger,34,French
819334,Toney Medlock,74,Canadian
404514,Numbers Eager,68,Canadian
139325,Isabel Rolle,66,Japanese
762759,Valda Ranney,20,Canadian
141490,Rosia Pringle,57,American
626910,Novella Hilario,72,Italian
391239,Verlene Shanklin,77,Canadian
316754,Carleen Rodes,63,Italian
459560,Chong Abe,65,Canadian
714278,Deedra Gracie,74,American
799013,Leone Hommel,63,French
583907,Erik Warlick,69,Japanese
224042,Marketta Steadman,28,Russian
484204,Jada Carpino,29,Italian
232583,Allison Mcnair,26,Canadian
953179,Sammie Wishart,76,Italian
754592,Armanda Sweeney,52,Canadian
349112,Rowena Gugino,90,Canadian
891313,Tanja Wyland,56,Canadian
395968,Kaitlyn Sarno,57,American
796434,Aron Heinrich,71,Canadian
278468,Wei Kinsler,88,Italian
392788,Maira Besaw,21,Canadian
167820,Lisabeth Mcquaid,79,British
428323,Opal Downey,66,American
796704,Melodee Escalona,36,French
219084,Beatris Piedra,77,American
455347,Jarod Schack,23,Japanese
579062,Leroy Rossin,41,Canadian
894111,Yee Hanna,89,Canadian
595325,Lonna Oquin,39,Russian
787355,Wilton Friedrich,80,Italian
621564,Mika Vail,23,Canadian
573256,Irmgard Holub,63,Canadian
609331,Sheila Amor,83,Russian
784617,Margarite Mathews,29,Canadian
126084,Kasha Rangel,61,Canadian
644712,Suzie Morelli,47,American
315451,Majorie Tessman,36,German
496206,Rodrigo Malagon,43,Canadian
443721,Arlinda Muldrow,81,Russian
433691,Nila Leon,49,Russian
911494,Tomoko Speno,67,Italian
876870,Margarette Koprowski,25,German
607940,Lana Steere,19,German
247093,Kasi Heffner,81,Japanese
796641,Vania Lebow,22,French
900499,Andra Labriola,68,British
620390,Jenifer Chevalier,33,Canadian
364738,Margo Lute,78,Italian
184307,Adolph Kellar,42,Canadian
637963,Shanell Mcquillen,34,British
694128,Henriette Cobey,75,Canadian
714960,Curt Kolb,50,Canadian
261527,Jackelyn Hasting,19,French
630647,Monserrate Dobyns,73,Canadian
617781,Jae Hanner,78,Japanese
593999,Glady Roda,21,Canadian
582694,Walter Reulet,22,Japanese
562859,Raguel Ding,58,Canadian
952292,Lacie Marlin,18,Canadian
611170,Terresa Lind,54,Italian
219208,Toshiko Thon,71,Italian
665945,Shad Frahm,66,Canadian
814199,Barabara Husain,28,German
741757,Tabetha South,69,Japanese
491149,Vicky Pancoast,38,Italian
763229,Haley Reifsteck,33,French
399526,Issac Blay,35,Canadian
474327,Han Brindle,48,British
947356,Gloria Palmquist,78,French
155241,Shad Lauder,54,Russian
628058,Seymour Evens,24,Canadian
530334,Zonia Gover,64,British
454616,Jeanene Zych,83,Canadian
441036,Faye Jessee,27,Japanese
363642,Manie Hallowell,65,Italian
713917,Wan Satterlee,24,Italian
852355,Norah Lapinski,68,Canadian
152450,Melania Mccrary,89,French
251549,Signe Moten,45,Canadian
253108,Malinda Beale,54,Italian
902930,Pearline Tigue,79,Canadian
179952,Rubie Vanostrand,56,British
397361,Lea Priestley,66,Italian
573891,Dannie Sojka,75,Canadian
947429,Rosemarie Paramo,85,Canadian
548779,Gwenn Rippe,32,Canadian
459952,Elmira Chard,30,Canadian
993550,Syble Woodbridge,18,Russian
210192,Hae Farrior,78,British
675781,Irving Dries,72,Japanese
442952,Lucienne Shriver,33,Italian
261380,Gary Scheidt,50,American
843815,Jerrie Paulk,69,French
440003,Chana Vandyne,37,Canadian
966664,Cornelius Zuber,20,Italian
709088,Jackeline Nevin,41,French
531337,Dora Porcaro,57,Canadian
741693,Sherell Baur,80,American
652672,Muriel Strate,72,Japanese
164869,Sarita Ferrel,47,American
288763,Treasa Lacombe,27,German
775813,Belkis Greenbaum,23,German
236882,Lizzie Raven,58,Canadian
286621,Lindsy Darnall,20,Italian
872510,Hisako Kina,40,Canadian
979984,Rebbeca Mcquarrie,62,Russian
330373,Kelvin Abramowitz,39,Italian
338072,Verna Brosnan,24,Canadian
152882,Alanna Hinchey,61,British
867043,Georgine Calender,45,Canadian
763015,Shaunda Faulkenberry,87,Italian
521484,Magda Delima,48,Canadian
305047,Shamika Oquinn,33,Canadian
829304,Bryan Bongiovanni,76,German
481014,Ja Preble,68,Russian
142981,Jenice Auger,79,Canadian
149411,Marianela Ecklund,51,French
979270,Laticia Lechler,68,Italian
756379,Illa Rufus,76,Italian
628004,Verdie Sinkler,66,Canadian
452016,Julianne Donelson,61,Canadian
317231,Candy Cowgill,73,French
812171,Bobette Roehrig,34,Canadian
522664,Jean Pardue,48,Canadian
570657,Keely Macaluso,75,British
451939,Hilario Reulet,85,Canadian
163410,Mandie Enright,23,German
898403,Leonida Huskey,48,Japanese
896204,Malisa Guild,20,Italian
484573,Selina Yim,85,Canadian
366295,Lashawn Marts,52,British
949542,Trena Carreno,89,Japanese
736748,Anissa Grayer,47,French
732661,Londa Schisler,59,Italian
325264,Elza Gilleland,45,Canadian
970539,Tammi Benshoof,64,American
178116,Ciera Torgeson,73,Japanese
901127,Liberty Madry,67,Italian
930775,Dayna Ruse,18,Canadian
803533,Elsy Gathright,79,Japanese
307712,Margarita Nierman,76,French
395218,Felicitas Fravel,63,German
978839,Donnette Loder,68,French
399916,Blondell Yancy,32,Russian
144292,Cecelia Luczak,52,Canadian
691371,Lezlie Blauser,29,Canadian
356423,Donny Ocasio,39,Japanese
393952,Luisa Boulter,34,Japanese
391754,Roxie Rohan,75,Canadian
512700,Sha Touchstone,81,Italian
150382,Jeanette Brandt,24,Canadian
923987,Mohamed Fleenor,43,Japanese
807161,Willy Nicks,27,Canadian
419466,Jeanett Letourneau,49,Canadian
786111,Giovanna Dane,52,American
242316,Sheron Hubbs,49,Japanese
504695,Bryant Burbidge,79,British
469529,Rosalee Palacios,51,Canadian
820856,Cher Stufflebeam,30,American
141121,Renee Axelrod,58,British
724854,Ann Louis,40,Russian
609024,Loren Hansen,83,Canadian
754997,Russel Culler,35,American
832523,Lamar Pion,41,Italian
758796,Julieann Councill,89,Canadian
457864,Lovie Ellender,18,American
990522,Harriet Jacobi,23,German
940994,Alona Haynes,67,Canadian
804735,Mirian Villafuerte,57,French
758812,Anja Ginn,47,Canadian
841511,Edwina Magness,64,Japanese
284616,Antione Ziolkowski,62,Italian
276597,Bertie Bostrom,63,Canadian
625547,Jarod Loden,51,Japanese
825416,Jena Ignacio,59,British
178619,Rashida Garst,51,Russian
924878,Dagny Sale,37,French
736581,Suzi Widman,46,American
287644,Miss Chaloux,38,British
668908,Rema Georges,79,Japanese
800016,Alexandria Banh,45,Japanese
309198,Adria Gatti,66,Russian
821330,Aja Pickles,85,Canadian
667802,Tonja Haycock,28,German
103913,Gregory Tasker,56,Canadian
697708,Jessi Norred,35,Canadian
974647,Sacha Heller,19,American
127291,Walker Crew,60,British
894732,Ilona Sais,20,French
698118,Kam Kolb,73,French
600268,Trudy Campione,90,Italian
646106,Launa Maglio,84,Canadian
572246,Danyel Neeld,35,Canadian
612410,Samira Zamzow,43,Russian
663333,Johnette Milne,54,Japanese
402396,Gema Mathewson,33,Russian
667547,Annette Lacher,64,Canadian
395012,Yoshie Boddy,71,Canadian
173593,Jonah Abele,27,British
428228,Shane Farah,33,British
381651,Fidelia Holbert,18,British
202989,Shu Hoffman,48,Canadian
698628,Syreeta Abundis,76,Italian
151116,Jerri Bayne,43,Canadian
290387,Jerrica Bold,27,Russian
903546,Cicely Popham,24,Canadian
245653,Siu Weil,81,Canadian
349299,Rena Maldanado,68,Russian
918260,Denny Nelms,42,Canadian
189657,Colby Carothers,61,Canadian
261187,Erlene Heesch,47,German
378684,Latonya Baumer,60,Japanese
920610,Mee Henningsen,86,Canadian
784775,Makeda Bing,63,Japanese
859125,Francine Engram,44,Italian
957065,Elmer Garmon,79,Japanese
435693,Teressa Demarco,26,French
852786,Jerrie Hotchkiss,77,Canadian
591666,Dorothea Rexroad,65,German
725859,Russ Kight,36,German
737631,Eusebia Loughman,81,German
398544,Anja Olmeda,33,Canadian
656699,Effie Bettencourt,37,German
588602,Patrica Griner,77,American
575575,Jolyn Batchelder,30,French
131326,Maybelle Bennetts,44,Canadian
767055,Junior Tafolla,31,Canadian
312327,Lashaunda Whobrey,74,Canadian
634138,Emma Steed,86,Russian
256256,Rochell Kettering,47,British
805491,Joey Rickman,63,Canadian
575878,Jude Anding,61,French
588872,Candis Bonier,56,Canadian
657253,Orpha Glennon,42,German
147287,Numbers Merwin,28,Italian
885474,Ronnie Sande,26,Canadian
470798,Leoma Sweetman,63,Canadian
853336,Loan Keeth,71,German
280174,Caroyln Alberson,77,Russian
185474,Annette Wireman,47,British
269480,Karla Bueno,51,American
306433,Bette Komar,55,British
186189,Margaretta Kampa,20,Canadian
493228,Carmon Gravelle,20,British
683365,Jana Hecht,29,Russian
250239,Yasmin Maese,56,American
616486,Anisha Gibson,44,British
838476,Jin Donoghue,70,Canadian
366080,Randee Lockwood,21,Canadian
117454,Danyel Shamblin,23,French
256267,Regan Heide,28,British
672764,Alvin Shepperd,24,British
133292,Youlanda Buttry,85,Canadian
118658,Addie Sahr,24,Canadian
396486,Alfonso Fason,36,Canadian
145464,Paz Hock,80,American
783897,Kelly Kile,32,British
813700,Kati Orban,29,Italian
761104,Pat Shibata,32,Italian
378976,Jinny Ellers,74,German
868855,Ha Eckhardt,87,Italian
503315,Elenore Cookson,39,Canadian
590761,Carry Hoberg,57,Canadian
197455,Wilford Brett,65,German
507511,Numbers Sherrod,46,French
206639,Bambi Melara,78,French
898604,Kandice Lundeen,58,Canadian
702594,Sam Doughty,57,British
193406,Sherlyn Ducksworth,88,Canadian
169782,Collette Mixon,46,British
642705,Fidel Baros,46,Canadian
233261,Krystal Fussell,37,British
675763,Jeana Shadley,25,Canadian
513888,Georgann Lightbody,20,German
145788,Clinton Gregor,71,Canadian
112287,Buster Bulkley,73,Japanese
940788,Camille Mays,44,French
325462,Joyce Hailey,26,British
907375,Krishna Draeger,58,Canadian
891824,Kamilah Oates,22,Italian
420291,Marvel Symes,19,Canadian
602557,Samella Franko,75,German
209366,Althea Curran,75,French
621319,Leo Bolster,18,Canadian
943349,Thomas Fulmore,87,American
130179,Soon Huneke,22,Japanese
852410,Tatum Prange,83,Canadian
663564,Daphine Hoyos,29,Italian
650284,Trang Mccree,43,French
159958,Angella Ismail,40,Russian
780185,Leida Musick,30,Canadian
836992,Lisette Barroso,72,British
738613,Edgar Tang,89,Canadian
590232,Rey Strey,32,Canadian
512773,Alice Mcclean,31,German
165484,Alida Scalia,66,Italian
662087,Jamel Enger,79,French
804607,Chanelle Widner,55,Russian
146604,Dean Strub,62,British
735733,Ute Law,34,Japanese
894130,Micheal Fredericksen,39,Canadian
785916,Cristi Spengler,29,Canadian
119092,Lieselotte Kleeman,71,British
565280,Delcie Joines,22,Canadian
926042,Lelah Ditch,64,Japanese
879667,Lahoma Ung,28,Canadian
245480,Mariam Land,33,American
546685,Sindy Shehane,26,Canadian
967478,Williemae Rodrigues,68,Russian
471996,Maren Caskey,43,Italian
368894,Vincent Auclair,35,Canadian
963326,Vida Absher,81,German
823182,Bong Buzzard,36,Canadian
634062,Myrtle Stark,28,Canadian
430514,Phillip Rooney,77,Canadian
760668,Keena Luke,75,American
131972,Jon Kinghorn,86,Canadian
202513,Shameka Wickens,66,Canadian
970836,Jackie Helbig,88,Canadian
636964,Isabel Hatch,33,Italian
108494,Myrta Murrieta,50,Russian
620853,Tonja Arms,83,Canadian
461408,Ena Monroig,56,German
690879,Liliana Pasha,27,Canadian
161273,Heriberto Liebig,70,Canadian
840098,Eunice Witham,42,Japanese
552231,Gail Seevers,25,Russian
673289,Chad Duet,81,French
225872,Marcelina Balboa,21,Canadian
247649,Shara Gangi,40,German
349225,Lorrine Rado,36,Canadian
126540,Kyung Landin,25,Russian
174191,Kareem Allums,39,Canadian
271733,Allen Mcnish,80,French
746945,Mayola Laureano,89,Canadian
899074,Brendon Golden,69,Japanese
947077,Shawnta Zahl,40,Canadian
705497,Milan Pantoja,89,American
803782,Rick Wolf,67,French
374864,Emilie Oloughlin,87,British
968856,Luis Whitt,62,British
643228,Noma Shahan,78,Canadian
355176,Annabel Kellner,41,Canadian
994998,Amalia Oliva,85,Canadian
232362,Rudolph Karney,82,Russian
968229,Shawnna Ayres,64,Canadian
484356,Melanie Cullinan,62,Italian
587296,Dolores Turman,36,British
432546,Jay Ryburn,65,American
187016,Tawana Ceja,33,Canadian
350222,Desire Leroy,51,American
118383,Eladia Bergren,52,Canadian
439532,Takako Held,49,Canadian
114510,Lauri Meza,28,Canadian
383667,Camilla Gaw,20,Italian
528649,Pedro Beadle,31,American
647472,Lenard Kennison,19,German
546552,Christin Strunk,45,Russian
202756,Helga Mallery,71,Canadian
922995,Latrice Cefalu,41,British
962277,Shannan Soja,51,Canadian
210450,Le Arvizo,30,Canadian
372013,Avis Southerland,83,German
581921,Elissa Dicken,44,Canadian
101560,Jarod Mccutcheon,53,Canadian
130831,Gabriele Harley,74,Canadian
391094,Layne Doria,63,British
656105,Haley Graffam,27,American
203851,Kelli Edgecomb,28,British
325103,Shelby Deleo,29,Canadian
337699,Jeanie Reta,81,German
748760,Blossom Kahre,48,Canadian
574080,Avery Ector,58,Canadian
969773,Daina Becraft,66,Russian
697698,Dakota Mcgee,23,British
180304,Dane Javier,72,Canadian
387462,Fredericka Keltner,46,Canadian
126554,Michelle Slevin,44,German
775697,Latricia Bugbee,57,Canadian
519329,Morton Sealy,39,German
724427,Aleisha Berggren,46,Italian
380020,Erinn Pincus,55,Italian
425333,Becki Naples,62,Japanese
665281,Alberta Coburn,59,American
149529,Corine Lessley,87,Canadian
457165,Bret Bicknell,45,French
175107,Jimmy Welker,22,Canadian
848480,Ahmad Gorelick,63,French
746806,Serena Dunstan,90,French
562644,Theda Baisley,66,Canadian
566153,Sabine Janicki,60,Italian
804345,Genie Bridgeforth,39,Canadian
362409,Terence Palladino,75,Canadian
382955,Claretha Eley,30,Italian
951727,Assunta Propp,45,Russian
951389,Ronnie Shand,73,Canadian
154037,Joey Teague,90,Canadian
225913,Jin Burstein,23,American
863605,Loris Amburn,89,German
738165,Queen Rines,63,Canadian
384312,Erline Augustine,27,Canadian
396234,Sadie Hellard,21,Canadian
214162,Margit Creighton,45,Canadian
454052,Pattie Goldie,57,Canadian
360185,Candida Cummingham,36,Canadian
405330,Marlon Dengler,38,Italian
577478,Margret Bolz,62,German
524378,Willy Wind,58,Canadian
165038,Loyce Iannotti,23,German
395196,Lakeisha Tusing,26,Canadian
827499,Stephan Domino,90,French
558102,Muoi Pickell,37,French
901799,Bianca Whitelaw,35,Canadian
677079,Maddie Barratt,74,Japanese
709737,Mi Jacquet,49,Italian
149528,Marcia Demuth,54,British
117958,Deadra Romberger,32,French
675310,Glenn Komar,23,French
160335,Khadijah Pascoe,56,Canadian
524296,Nichol Gwynn,60,Canadian
833399,Kimber Yadao,28,American
955043,Mirtha Rossetti,49,Canadian
756074,Marylyn Center,65,Canadian
610764,Andy Youngberg,87,Canadian
809253,Tanisha Wimer,32,Canadian
419493,Meghann Gobin,49,Canadian
452839,Lilia Ater,79,Italian
662185,Kia Mccorkle,74,American
407400,Merrill Piner,71,American
971641,Napoleon Soller,55,Canadian
435333,Deja Kindrick,68,French
375676,Hisako Orenstein,68,Canadian
323526,Kasey Moran,59,American
235100,Maryjane Shiver,71,American
403647,Ariel Lemieux,75,Canadian
113488,Thelma Calabrese,67,Canadian
924694,Caleb Hodgson,82,French
650093,Raeann Dicarlo,79,Canadian
719314,Geoffrey Yard,70,German
346093,Paige Stalter,25,Canadian
905076,Ehtel Styles,58,Japanese
849849,Sheilah Klopfenstein,23,Canadian
122103,Le Kelton,21,Italian
124871,Estrella Mulroy,74,Canadian
608750,Michael Atkinson,76,Russian
891374,Evalyn Chamberlin,79,Italian
688178,Angla Scherer,84,Canadian
241724,Bryce Mincey,69,American
870926,Karyl Winnie,18,Canadian
885225,Clint Stefanik,74,Canadian
800819,Shalonda Wellman,21,Canadian
728517,Louise Mccurley,59,Canadian
345420,Marianela Laliberte,63,British
531151,Sarina Seigler,81,Russian
138554,Ashlee Cogan,84,Canadian
430612,Marine Speck,70,Canadian
408214,Donella Mcclelland,81,French
107964,Randi Bartee,26,Italian
400151,Garry Mangual,69,British
816530,Clifford Reynolds,85,French
860526,Annika Goddard,28,Japanese
967879,Jerold Woltz,41,Canadian
756605,Royal Fasano,62,British
348754,Andreas Sweitzer,32,American
325835,Antonetta Arnone,76,Canadian
527028,Warner Ricklefs,24,Canadian
973843,Rae Dotts,31,British
612713,Dortha Squire,73,Canadian
125302,Mariel Colston,47,Canadian
949396,Aretha Bonhomme,28,American
950856,Ginny Peredo,58,Canadian
683402,Joanne Philippe,90,Italian
801302,Tennille Mcneece,51,Canadian
726295,Catrice Nally,68,Russian
135155,Huong Mixer,36,Canadian
165844,Tamera Galentine,77,German
660041,Foster Eguia,63,Canadian
265899,Christel Schoenborn,48,Russian
101591,Kylie Carrick,26,Canadian
652280,Sommer Avey,71,French
151560,Bruce Marshal,58,Canadian
179356,Philip Frailey,62,Canadian
753599,Hermine Chevez,38,Canadian
612873,Refugio Waldman,29,Japanese
265372,Jospeh Christman,73,Canadian
239427,Armida Hasan,87,Canadian
218920,Lue Rhymer,55,Canadian
346730,Shanti Whyte,47,Canadian
369204,Leora Castle,68,Canadian
947532,Mammie Quam,73,British
530524,Carry Roger,56,British
396475,Birgit Bonnell,65,Italian
486824,Jose Koop,28,Japanese
263800,Madelyn Gibeault,60,German
701729,Tran Sills,68,Italian
114675,Beata Loux,74,Canadian
680136,Miles Johansen,64,Canadian
203192,Jodee Gano,29,French
946008,Jerlene Benard,24,British
141831,Winnie Cassel,38,German
871142,Claudine Mona,19,Canadian
391511,Maureen Coffer,26,German
617903,Landon Helget,60,Italian
326558,Lieselotte Alfonso,68,Canadian
997963,Cedrick Cargill,79,Canadian
168035,Devora Rouillard,81,Canadian
765824,Eulah Hilchey,79,German
497289,Nestor Hyndman,54,British
522689,Jerica Pio,18,Canadian
582733,Leif Sterling,69,Russian
100792,Stanley Schoepp,64,Russian
435781,Kayleigh Lister,68,American
206623,Vicki Savala,30,British
167404,Columbus Cavanagh,72,Canadian
951844,Magdalen Buckles,80,Canadian
907713,Willodean Chard,70,Canadian
582173,Ned Krebbs,29,Japanese
607553,Merri Caruana,59,American
660700,Verline Mccaffery,75,Italian
528543,Patricia Sircy,60,Canadian
138945,Mildred Sherman,43,Canadian
699819,Rosette Ulrey,43,Canadian
392603,Delicia Musgrave,22,Canadian
999385,Kassandra Saulters,84,American
973292,Celina Bissell,49,Canadian
751885,Charmaine Lucchesi,38,Canadian
850730,Ilona Mains,87,Russian
807112,Marcia Balling,52,Japanese
125880,Jeanene Martello,20,French
279724,Bibi Galvan,44,American
191735,Asuncion Poythress,24,Canadian
447234,Edwina Sotomayor,82,French
415116,Nina Westcott,24,American
959379,Katerine Asselin,79,Canadian
608955,Marilu Lipton,30,French
496929,Elenore Lachermeier,78,Canadian
246007,Maryetta Hine,52,French
989966,Tatiana Schuessler,58,Canadian
199306,Sondra Shephard,74,Canadian
879637,Gay Dean,78,British
361530,Elly Waage,49,Japanese
671127,Rhona Belliveau,28,Russian
252925,Jeffery Givens,27,Japanese
584794,Imogene Lacombe,85,German
255627,Emely Russaw,78,Canadian
890756,Casey Cronkhite,62,American
774941,Karma Baldree,69,Italian
735219,Leonida Pfarr,53,French
514723,Jarrett Siddiqui,86,German
626528,Mikki Bales,60,Japanese
996138,Kisha Ashburn,55,Italian
772210,Etha Wendler,59,Canadian
370938,Katheleen Goncalves,71,Canadian
300368,Phil Castonguay,22,American
225828,Heidi Draeger,21,British
815569,Floyd Lirette,82,Canadian
151157,Deetta Cordle,34,Canadian
729318,Eleanora Laine,50,Canadian
892761,Hayley Balcom,55,French
163985,Guillermo Maloy,80,American
237130,Ione Chisolm,50,Italian
888310,Maribeth Mcnerney,89,Italian
141340,Leeanna Farley,88,American
981712,Iris Gentile,55,French
954514,Tomoko Prock,19,Canadian
245522,Dorethea Lehrer,53,French
906882,Kira Hendershot,49,French
171964,Heidy Saunders,75,French
726501,Clark Estill,45,American
892011,Novella Ekhoff,27,Japanese
970423,Helen Cogswell,47,Russian
382625,Brynn Kincer,38,Canadian
408871,Agripina Marcin,31,Canadian
205415,Phung Lauder,59,Canadian
840554,Trish Pelletier,69,Italian
655224,Tracee Hintz,53,French
575467,Lela Kinlaw,80,British
864699,Fidela Lozoya,89,American
751309,Perry Yahn,36,German
231841,Elois Gorman,51,Canadian
981931,Edwardo Hoppe,56,Canadian
615470,Madalyn Dunkle,34,Canadian
710799,Max Bourquin,56,Russian
371446,Dion Breazeale,38,Canadian
157078,Amanda Rodenberg,64,British
979225,Adina Pinnock,90,Canadian
350835,Henry Prost,56,Canadian
692422,Tran Graydon,64,Canadian
888453,Delena Sutter,42,Japanese
211452,Ila Allende,44,Canadian
904863,Thomasena Cocco,87,Canadian
314889,Ha Piccolo,51,Canadian
919755,Leonard Booher,22,German
727688,Vanita Escalera,68,Canadian
763079,Cathie Romeo,49,Japanese
437439,Martina Hollifield,70,Canadian
718885,Patricia Candelario,71,Canadian
970554,Mammie Given,18,Canadian
316400,Kiesha Reiter,47,British
479827,Elisabeth Swartout,50,Japanese
909741,Liberty Duley,49,Canadian
718366,Kenda Kohl,33,British
206039,Soila Eckhardt,79,Canadian
252574,Edmond Mclane,24,Canadian
139475,Pearl Rodgers,72,German
467614,Neomi Agrawal,72,Canadian
837382,Sherril Joye,54,Canadian
894648,Bobette Reasoner,69,Canadian
380299,Jenee Powell,68,Canadian
316794,Scott Harper,73,French
637713,Jeniffer Paiz,67,British
210390,Jamie Halterman,28,German
302636,Alejandro Segundo,23,British
552976,Bethanie Ryman,42,Canadian
171355,Clinton Jovel,70,British
257243,Reuben Brummond,41,Japanese
431426,Beau Ristow,27,Canadian
831867,Corine Dortch,41,Canadian
421808,Perla Hafford,39,Canadian
154821,Jonas Etsitty,57,British
123345,Krista Lindholm,29,British
708560,Shondra Apolinar,59,Canadian
737876,Ivan Leet,42,British
936418,Kelsie Aron,36,British
613770,Shanita Hendershott,35,Italian
262916,Shelton Goffney,24,French
283363,Christinia Scholes,63,Italian
569845,Kasie Mcinturff,61,Canadian
937564,Erika Sealey,77,Italian
123008,Moriah Choi,23,Russian
807072,Albertine Luz,82,Canadian
781758,Hisako Vieira,30,Canadian
504771,Adrian Hazelrigg,90,Canadian
859803,Chun Ardoin,23,Canadian
663203,Lila Ahn,70,Canadian
507297,Nadia Warden,65,Canadian
199590,Antonietta Cheslock,85,French
674166,Jesus Orear,85,Japanese
155288,Tatum Herrera,48,Canadian
660625,Ema Polo,20,German
527780,Vern Leiter,18,Canadian
192194,Aletha Mcclanahan,19,German
946808,Naomi Varga,83,French
839204,Talisha Mcnett,67,Japanese
907301,Rina Coats,51,German
163204,Collin Pavlik,46,Canadian
382320,Maryanna Eatman,41,British
809675,Granville Desai,81,Canadian
932869,Ramona Speir,42,Italian
793300,Jeanna Tittle,70,American
846146,Jeana Spore,71,Canadian
416316,Trudi Czapla,28,American
826747,Angela Krings,76,British
425510,Sha Ridings,39,American
404346,Tasha Cartee,30,British
957420,Caridad Michener,70,French
933509,Robbi Ellenburg,44,Canadian
369057,Pamela Koga,42,Canadian
383611,Trula Valdivia,82,British
217433,Columbus Diller,57,Canadian
162087,Samara Rosch,84,British
186032,Vernita Laney,71,Italian
153430,Manual Sessions,90,German
311214,Ricarda Chauvin,52,German
494201,Fleta Mcnicholas,73,Japanese
241927,Cinthia Glasser,21,German
752805,Milan Swann,34,French
721720,Rivka Parada,32,American
948401,Delta Riffel,23,Canadian
545364,Jovan Chennault,84,Canadian
739735,Roxanna Fremont,72,Russian
612460,Cheree Kestner,35,Canadian
121505,Vergie Mccollough,86,Canadian
465909,Marisol Gu,51,Italian
249565,Mammie Goudeau,54,British
598302,Levi Carbaugh,36,Russian
313784,Kevin Cutler,40,Canadian
959841,Lida Bachman,89,Russian
560893,Neida Deese,29,Canadian
966686,Vaughn Derksen,34,Canadian
437558,Eufemia Thornsberry,70,German
669334,Celia Thrailkill,67,American
712687,Hobert Deems,37,Canadian
654483,Veta Franceschi,63,Canadian
210371,Daron Mcloughlin,66,Canadian
841154,Kimber Gries,80,French
736305,Kris Boer,21,Canadian
896849,Starr Narvaez,38,Canadian
769276,Candance Barlett,22,Japanese
722521,Vivan Gertsch,85,Russian
131639,Cleotilde Arceneaux,71,American
487078,Curt Pagel,58,Japanese
409516,Marcella Severe,80,Japanese
505528,Cherie Engelbrecht,51,American
383269,Omega Kintzel,42,French
417823,Karyn Sidhu,52,Japanese
725674,Tamara Bracewell,34,German
167052,Josefine Stott,25,German
648719,Tuyet Pelayo,41,Japanese
444278,Delena Budzinski,58,Canadian
445781,Theresa Husbands,41,French
732228,Buster Trembley,48,American
560443,Novella Buswell,90,Japanese
526395,Berta Bevil,82,Russian
965178,Cyrus Hemmings,64,American
439688,Melba Bonney,69,Russian
362157,Helene Bockman,32,Canadian
277116,Felice Belvin,74,Italian
667541,Hayley Ohm,34,Italian
558546,Dudley Scates,62,Canadian
339500,Classie Mustafa,60,Canadian
832112,Zula Pisano,26,German
911546,Ona Wattley,64,German
441742,Duane Sturtevant,51,Japanese
887457,Denita Mccreery,72,American
309274,Jeremiah Faught,52,British
947432,Adele Binder,26,Japanese
938302,Shawnda Gotto,82,Russian
485037,Shauna Blakney,40,German
760396,Madison Longtin,31,French
404383,Ranee Wiechmann,59,Italian
688659,Renetta Pesina,84,German
855151,Angie Hayward,64,American
449115,Inge Paine,25,German
251547,Kristeen Harbison,49,Canadian
773730,Pierre Kube,22,Russian
759671,Eleanore Mccutchen,36,Japanese
646004,Rayna Thom,50,French
627255,Shaniqua Stockwell,43,German
941841,Aimee Super,87,French
920029,Nenita Paladino,18,Canadian
779182,Eleanor Lung,59,Canadian
883805,Octavia Pflum,29,Canadian
798356,Chrissy Soza,78,Russian
691565,Cordell Abrams,53,Canadian
283129,Marsha Rutherford,81,Canadian
467102,Katrice Ohara,22,Canadian
815518,Whitney Holben,39,British
357569,Tameika Alejandro,43,Italian
119798,Elliott Stockard,26,Canadian
884142,Temple Binkley,42,Canadian
659948,Arnoldo Caton,62,Japanese
595472,Harry Fredenburg,40,Canadian
230753,Callie Nava,44,Canadian
734012,Dottie Kamm,49,Russian
723380,Sheree Leddy,23,Canadian
580368,Asley Barefield,69,French
851192,Janet Mcnear,41,German
832082,Hollie Gant,21,Canadian
340660,Susana Holzworth,49,Italian
773591,Timika Broughton,83,American
643466,Norine Mudd,45,French
513104,Jesse Presley,26,French
396768,Luba Bazan,28,Japanese
883927,Sharmaine Caughey,33,Canadian
223890,Fiona Mcqueary,46,German
181306,Sheron Mayoral,75,Canadian
677989,Antonette Leep,61,Canadian
613852,Ben Stenson,46,Canadian
933002,Lia Files,71,Italian
422354,Loura Leopold,83,Russian
180199,Giovanni Kindel,66,British
348145,Maisha Misiewicz,55,Japanese
107303,Deborah Boon,19,British
857449,Bee Wiebe,35,Canadian
799247,Eleanor Tolan,61,Italian
883747,Earlie Tovey,20,German
421307,Stanford Frias,70,Canadian
724973,Chanda Mcnickle,57,Canadian
657960,Beaulah Widell,60,Canadian
566750,Nancey Putney,60,Canadian
657314,Muoi Maine,37,American
883690,Helene Creger,33,British
250910,Shirly Berra,53,American
240090,Keitha Descoteaux,88,Japanese
426426,Buford Bacon,58,British
995928,Kristle Conboy,40,Canadian
301260,Dianne Comes,65,British
570234,Aileen Ginn,69,French
480608,Mark Berke,32,French
124511,Ashlyn Steere,31,Canadian
722332,Hee Suder,80,Japanese
217934,Deann Ardis,23,French
317876,Emile Godinez,68,Canadian
438835,Marcelo Henneman,88,Canadian
619616,Laveta Stotts,90,Italian
469605,Blair Cuffie,87,American
950763,Carrol Daigle,44,Canadian
906824,Joyce Martelli,58,American
198926,Barbie Edelman,76,Japanese
408737,Sarai Laura,38,German
158021,Sheldon Schmelzer,19,German
686065,Leilani Hardin,68,German
494501,Suzann Burgett,76,Canadian
693663,Madeline Hillen,87,French
256553,Venetta Kamrowski,76,Russian
244267,Deb Riojas,35,Canadian
983368,Eulalia Dorrough,23,Italian
443251,Daniell Valez,88,American
612439,Samual Stjacques,18,Italian
407147,Blondell Pedroza,53,American
231560,Milagro Samora,65,Canadian
940528,Belva Stancil,38,Canadian
527432,Hildegard Candelario,52,Canadian
829756,Melda Berthelot,76,Canadian
697946,Candis Paek,83,Italian
351501,Jeannette Macaluso,21,Canadian
691512,Harriett Bottorff,60,American
100224,Margareta Swicegood,67,Canadian
701223,Weldon Seawood,35,British
203163,Owen Kivett,32,Canadian
156093,Therese Braziel,58,Canadian
825669,Blanch Loughlin,59,Canadian
678289,Bernardine Hensler,49,American
770459,Hertha Aitken,67,Italian
134216,Annmarie Gaydos,48,Canadian
971830,Sunshine Becerril,43,Italian
284788,Willetta Martucci,25,Italian
355013,Monnie Shue,73,Canadian
333481,Gilberto Gratton,46,Russian
644831,Shad Romberg,19,American
716335,Vilma Carbaugh,51,Canadian
941966,Ma Daugherty,32,Italian
105032,Jillian Arendt,42,Canadian
736168,Arnold Hardt,41,British
728440,Basilia Pendarvis,61,American
142634,Greg Swartz,81,Canadian
299594,Takisha Woolsey,87,Japanese
972489,Jacquelynn Fonville,21,Canadian
879818,Maye Huntsman,37,Japanese
863662,Jacquelyn Klemp,30,French
969926,Lanelle Koeppel,45,French
285365,Cheryll Gaal,45,British
104688,Keira Kull,38,Canadian
220166,Jeannetta Gresham,71,German
505047,Lore Carboni,49,Canadian
884626,Ardith Varona,50,Canadian
234718,Nelson Stuber,64,Canadian
147158,Emeline Ovellette,47,Russian
613749,Kiesha Winford,54,Canadian
748668,Honey Biddle,76,Canadian
612456,Shawanda Dearmond,75,German
841607,Karl Maniscalco,34,Canadian
538495,Edith Gudino,52,British
728847,Setsuko Edmondson,65,Canadian
242491,Margo Bartel,64,German
409533,Emmett Orwig,77,Japanese
492604,Azzie Holliday,44,American
829136,Randy Jules,45,Canadian
699586,Ellamae Miraglia,72,Italian
404498,Lucila Kawamoto,85,British
195365,Jeanine Bainbridge,19,Italian
374127,Mao Gatts,27,German
918035,Jaclyn Bourdeau,27,Canadian
663214,Marx Fielder,61,Italian
364060,Eloy Rieke,84,Canadian
481509,Barrie Guerin,21,Canadian
794652,Ahmed Aslett,64,Russian
545421,Sage Hickel,62,Canadian
136259,Venus Xie,72,American
756666,Raisa Gautreau,79,Canadian
915893,Maryann Punch,89,Canadian
666753,Jamey Czapla,30,German
965395,Alan Domenico,56,Japanese
758072,Maritza Trace,35,Canadian
951209,Cira Lindberg,19,Canadian
615765,Tamekia Bunyard,78,British
387362,Charisse Carino,57,German
834361,Nilsa Lenard,64,Canadian
973750,Joni Bera,67,British
423998,Keitha Gilman,89,German
800696,Arnold Hertzog,52,Russian
697293,Georgann Zenz,79,Canadian
645597,Kitty Burke,39,Canadian
100219,Nigel Savedra,58,Japanese
691244,Nieves Foerster,21,German
692550,Kala Gower,89,American
824827,Monique Wohlers,56,Canadian
290821,Lloyd Squires,68,French
230530,Agatha Schaff,57,Canadian
700328,Tiana Pasch,90,Canadian
932257,Danny Elser,65,Italian
472602,Le Donahoe,58,Canadian
149331,Terra Lever,40,Canadian
540240,Reena Lowman,66,Canadian
533130,Chieko Swasey,37,British
743489,Zachery Balli,79,German
361736,Julene Cappiello,66,Canadian
886429,Margarete Arbeiter,37,British
953677,Loura Roca,62,French
600099,Rocky Louder,31,German
371630,Una Spoor,23,German
741220,Shawnna Bedoya,41,British
140092,Jackson Prentice,43,Canadian
223686,My Werts,21,Russian
504227,Talia Toledo,28,Canadian
798582,Abe Schoenborn,36,Canadian
920967,Wayne Coderre,77,Canadian
989147,Trudi Hoss,30,Canadian
872405,Billie Begin,54,Canadian
273626,Shavonne Leaf,51,French
871820,Laree Melone,77,Canadian
346723,Danette Bellino,63,French
885768,Estell Caplan,23,Canadian
468300,Leanne Sitz,36,Canadian
834366,Ericka Dearman,73,Canadian
270290,Mayra Marvel,81,French
790845,Etha Hamer,58,Canadian
900582,Maile Remmers,83,Canadian
723336,Libby Whitsett,79,Canadian
542530,Stephnie Levering,72,Canadian
408035,Elodia Kopp,76,American
524565,Sarah Yeaman,44,German
624634,Valda Odell,39,French
125271,Kristan Fung,65,German
935559,Ching Deeter,88,Canadian
155352,Lizabeth Zahn,41,Canadian
334386,Tameika Villanova,86,Canadian
125889,Denise Azure,38,German
783620,Jerald Lish,25,Italian
625468,Loralee Heyne,55,Canadian
280133,Arletta Delfino,74,Japanese
373818,Arron Degenhardt,87,Russian
923730,Katheleen Driggs,28,Canadian
427338,Odilia Foronda,54,Russian
384370,Melonie Bogardus,70,Canadian
648089,Isaura Throneberry,78,British
533622,Kathy Szeto,74,Canadian
582117,Chery Bravo,44,German
262434,Hien Lippincott,85,American
519286,Rayford Ferrari,57,Japanese
604308,Woodrow Stanhope,69,Canadian
290746,Teressa Schram,42,American
836199,Lea Teran,63,German
635706,Levi Dansereau,26,Canadian
823953,Ozell Decamp,80,Canadian
967119,Cris Leventhal,50,Italian
624419,Lynnette Sinner,45,Canadian
850586,Lottie Bohnert,67,Canadian
792428,Delma Carder,71,Japanese
459527,Estella July,75,Canadian
430837,Gavin Corp,85,German
608819,Daniel Dry,86,Canadian
407674,Alisha Crichton,31,British
317234,Roxy Demmer,26,Italian
459736,Sherell Kwiatkowski,64,Canadian
610980,Wilson Bucy,58,Japanese
948073,Mila Bobb,43,Canadian
314511,Tenesha Hyatt,35,Canadian
652334,Agustina Carpentier,31,Canadian
273531,Marti Neblett,74,Canadian
485626,Shenita Landreth,79,Russian
726681,Jamaal Guest,86,Russian
565613,Avery Lynn,67,Canadian
796602,Emiko Esch,49,Italian
704772,Xiao La,66,Italian
839797,Carmon Beauchemin,71,British
169010,Arielle Luff,38,Japanese
444085,Chad Robb,55,Canadian
492507,Judy Kong,47,Canadian
601864,Herta Freitag,20,Italian
873462,Adeline Templeman,61,Japanese
576180,Lu Fortney,50,Canadian
212041,Pamella Tyra,21,Italian
294899,Melia Nuss,36,Japanese
614335,Ester Zurcher,41,Russian
767993,Kathlene Rathjen,78,Italian
992734,William Kovach,90,American
245604,Leta Walford,42,Canadian
239686,Tessie Degraffenreid,72,Canadian
216424,Carlotta Eriksen,80,Italian
795688,Will Bannerman,51,American
367174,Kym Truong,33,British
717440,Latrina Sasso,32,American
957858,Mikel Garey,90,Canadian
410230,Tequila Harbuck,48,Canadian
575777,Felicia Mcree,90,Canadian
330614,Dodie Basye,75,American
133654,Mattie Edmonson,85,Canadian
302112,Rusty Grayer,32,Canadian
628977,Minna Autin,40,American
297870,Jan Ullrich,54,Canadian
973914,Pura Gabler,81,British
976372,Rikki Sargent,42,British
101048,Shanelle Hough,82,French
601120,Jason Jeffrey,44,Canadian
624903,Jo Spoto,79,British
868133,Vicenta Hellmann,81,Canadian
567766,Maile Hite,82,Japanese
866324,Tam Curiel,85,Canadian
821655,Terresa Dittmer,53,British
818653,Maritza Greig,90,Canadian
181938,Hugo Broadhurst,62,Italian
440261,Corrine Devito,65,Canadian
784789,Ming Verrill,80,German
633977,Yasmin Forehand,61,French
849554,Claudie Tandy,87,Canadian
860608,Samual Voelker,50,Canadian
658203,Cristine Balogh,44,Russian
404252,Keisha Pippen,26,Canadian
324655,Danyell Atkinson,65,Canadian
492704,Laveta Marsico,68,Italian
869248,Sal Levens,20,Russian
712960,Flor Hoban,64,Canadian
981909,Jeannine Lear,67,Canadian
671467,Jerrold Heuer,70,Canadian
978656,Deanne Fencl,86,French
325914,Marchelle Rhett,82,Japanese
483122,Florentino Kirkham,22,French
765814,Theressa Rench,36,British
889003,Darryl Shirkey,42,Canadian
199072,Cara Goodnight,37,Canadian
542832,Tana Grau,67,Japanese
552839,Theodora Ackerley,47,American
349893,Eduardo Rizer,30,Japanese
248246,Robby Pizarro,84,Canadian
270646,Darrick Ponds,32,Canadian
165010,Hyo Philipps,39,Canadian
616033,Gala Loveday,67,Canadian
634109,Tonja Aubry,55,French
582642,Tiny Krull,90,Canadian
317608,Yuriko Dalzell,63,German
778905,Herschel Calloway,65,Canadian
375232,Ivy Dyck,29,Japanese
827712,Dorthea Blazek,36,Canadian
802755,Rhoda Martucci,31,British
816123,Florine Stinchcomb,45,Japanese
592603,Karlene Kaler,90,British
233908,Truman Uyehara,42,Canadian
607765,Ozie Laman,53,French
536205,Marti Alfaro,70,Italian
164393,Hallie Hoefler,51,American
420889,Sabrina Lague,48,Italian
119604,Lucienne Slawson,39,Canadian
394819,Keenan Stjohn,63,French
797230,Ted Simonds,59,German
397463,Randa Hermsen,56,Canadian
127551,Tai Pellham,36,Russian
397640,Desiree Evangelista,33,Canadian
459463,Octavia Amore,76,German
845085,Hai Valade,88,Italian
639467,Lucius Homeyer,56,Canadian
374678,Elijah Merrow,19,American
667846,Johnie Yu,43,Canadian
732529,Lavette Boos,50,Canadian
662907,Angelena Chamberlain,40,Russian
711749,Rosendo Rugh,46,French
929938,Leif Avitia,24,Canadian
414509,Vernia Milot,54,American
440285,Corey Hauer,69,Canadian
619142,Alyse Litton,23,Russian
708380,Karina Haddad,85,British
202170,Williemae Kamps,70,Canadian
938922,Eldon Zanchez,46,Japanese
138229,Terrilyn Albert,62,Canadian
433692,Cathie Aucoin,45,Russian
770745,Rolf Usrey,84,British
241796,Tandy Ruzicka,75,American
810392,Jenifer Hartzog,59,Canadian
228999,Nohemi Waldorf,40,Canadian
618042,Lenora Weatherhead,22,British
668813,Deeann Gemmill,87,American
369208,Yi Boice,90,British
663695,Tilda Polansky,82,British
212717,Ila Arel,70,British
804424,Sonny Paquette,46,Japanese
802942,Shenita Irion,20,British
564449,Aura Pursley,30,Canadian
815442,Eloy Lobb,63,Italian
966478,Bertram Harris,79,German
593116,Dario Ruocco,26,British
797388,Bryon Zeolla,59,Canadian
450891,Maryalice Sullivan,59,French
754236,Leesa Galindez,83,German
568716,Pablo Seifried,34,Canadian
964023,Jose Strickland,28,Canadian
824870,Rory Drury,68,German
374578,Annie Hoose,26,Canadian
608514,Malia Fossum,18,Canadian
184964,Freeman Eggert,29,British
515480,Corrie Whisnant,59,Canadian
723406,Stephany Lemanski,24,Canadian
854905,Reid Brantley,44,British
703049,Benita Lipp,81,Italian
402218,Elvira Dimattia,39,Russian
903407,Claris Mejorado,25,French
709578,Jessica Seibel,51,British
740743,Willodean Leininger,55,Canadian
791479,Cleveland Cipolla,38,British
145145,Dalila Stickle,26,Canadian
584208,Pamela Raske,19,French
216867,Marcie Guadarrama,89,British
906043,Tyra Briski,23,Canadian
779930,Trista Crowden,35,Japanese
138890,Gwyn Augsburger,57,Canadian
664918,Orlando Robicheaux,83,German
874265,Reuben Kagawa,79,Canadian
424946,Lai Cardella,63,American
901466,Walton Riemer,34,Canadian
534722,Charita Sobota,38,Canadian
688566,Liane Cadwallader,81,Canadian
142838,Hedy Maclennan,67,Canadian
370932,Lenna Chand,34,Canadian
860257,Douglass Mair,19,Canadian
128125,Reinaldo Dey,58,Canadian
173840,Tracey Lanclos,33,Italian
236180,Lita Lacoste,26,British
897830,Sebastian Board,48,Canadian
740670,Savannah Farquhar,30,Canadian
566643,Jacinto Seamans,49,Canadian
704051,Pei Gutshall,39,Canadian
454527,Thora Fore,26,Canadian
877630,Dallas Midgett,46,Japanese
644497,Camie Jerrell,87,Canadian
112961,Amy Kisner,34,Canadian
650100,Doreen Wyer,64,Japanese
553291,Kenna Houchins,31,Canadian
840575,Karole Virgil,31,French
375821,Malvina Riccardi,24,Canadian
929916,Vernita Hine,37,French
184612,Flossie Lamon,73,Canadian
462147,Jerald Paskett,66,French
463579,Tyler Lauderdale,28,Russian
947101,Frederica Lafollette,67,German
471233,Kaycee Vorce,33,German
237396,Albertina Avans,61,British
849358,Dannielle Bridges,24,American
526696,Claris Lerman,35,Russian
579339,Owen Paulhus,85,British
580453,Nikki Enriguez,28,French
255364,Irma Pletcher,80,Canadian
168628,Loreen Gerling,22,French
732355,Lonnie Brumbaugh,77,Canadian
619550,Lisette Mowbray,19,Canadian
873991,Ella Peiffer,65,French
597198,Josefa Rockmore,82,Japanese
948477,Cedric Yepez,34,Canadian
730985,Toney Christina,61,Canadian
925968,Dahlia Armstead,83,British
953018,Regena Sheroan,40,Canadian
644208,Casandra Jolliff,33,British
545235,Lenora Andrepont,39,Canadian
363423,Jesus Gassaway,82,Canadian
751399,Shala Gonce,42,Italian
359479,Freda Conover,22,Canadian
231674,Carlena Pullin,34,German
367080,Alphonso Claus,68,Canadian
708523,Kerrie Leclair,81,Canadian
209197,Kim Balducci,48,Canadian
586538,Stella Zachery,24,Canadian
148525,Wonda Clifford,51,Japanese
500151,Jo Najera,22,Russian
342329,Roseanne Madrid,26,Canadian
783838,Lesha Mccandless,82,Canadian
402465,Chuck Hafer,40,Italian
497763,Louvenia Palazzolo,65,Canadian
279645,Jill Nuckles,85,Italian
958409,Clarisa Paschall,81,Canadian
662206,Lyn Weast,69,Canadian
403473,Marco Shuff,80,French
305941,Floyd Malik,56,Canadian
175380,Leonarda Homes,45,British
988743,Lincoln Eugene,50,British
929851,Danelle Staller,33,American
495787,Marybeth Collier,62,Canadian
496923,Cammy Peoples,71,Canadian
799338,Andree Sampsel,37,Canadian
196079,Yoshie Ledbetter,89,Japanese
959109,Mi Barberio,82,British
700335,Valentine Hanzlik,20,British
422269,Erasmo Mero,33,Canadian
702112,Buddy Parkins,77,British
982520,Shala Beringer,72,Canadian
850799,Lovie Rupp,25,Russian
771157,Kylee Livingstone,59,Canadian
222038,Mariann Rapoza,87,Canadian
681296,Esmeralda Milstead,54,Italian
860948,Caroline Dagenhart,58,Italian
218792,Jude Grimley,55,British
257938,Libby Hazelton,87,French
436440,Marylouise Jacobson,86,Italian
324577,Leah Gills,56,German
342728,Shaina Tuggle,62,French
871019,Janita Caraballo,61,Canadian
676462,Julius Godlewski,38,British
169827,Tandra Lax,36,Russian
463716,Sydney Provost,52,Canadian
345302,Marylyn Beltrami,29,Russian
396240,Nickole Badillo,38,British
410347,Nelida Kenny,74,American
118349,Darryl Roseboro,34,Italian
325195,Belva Laning,89,Canadian
590403,Krysten Yeatman,52,French
664652,Truman Pettis,89,Russian
807800,Thi Doty,25,Japanese
881693,Criselda Salcedo,37,Canadian
275533,Lakeisha Collington,51,Japanese
628238,Letitia Schooley,89,Canadian
643339,Carlene Linch,30,Russian
255776,Lawrence Culotta,54,Canadian
695039,Beaulah Murtagh,62,French
741432,Marth Leedy,70,Italian
714697,Sana Robuck,51,American
985879,Latricia Raynor,70,Russian
392503,Gerard Hanna,80,Canadian
759756,Sigrid Shives,33,British
493581,Debbi Rudisill,40,French
798331,Johnette Hiner,19,Canadian
532790,Wendy Kung,25,American
204324,Cuc Henricks,90,Canadian
565997,Hershel Buzard,35,Japanese
884600,Darline Olmeda,71,Japanese
771463,Beverley Deaver,50,Japanese
735510,Cathrine Lavalley,71,Canadian
114010,Neomi Silver,80,Canadian
853569,Jennette Frisby,75,American
799537,Luella Hirata,25,Canadian
991180,Selena Loehr,89,British
901427,Alberta Hoge,69,American
913826,Carisa Champagne,61,Italian
585423,Rosalva Ramsier,19,Canadian
358841,Danica Latshaw,54,Canadian
553056,Mila Trevino,24,Italian
397639,Kenneth Staff,31,American
384703,Izetta Luu,45,Canadian
812439,Miss Mccasland,47,American
737807,Shakia Pastor,89,Italian
889448,Irmgard Ruppel,88,Canadian
761838,Carlene Birdwell,29,French
678784,Kara Sequeira,20,Canadian
120833,Libby Neiss,90,British
110798,Alyson Goshorn,37,British
886825,Judy Rembert,43,Canadian
188112,Lavon Kocsis,47,Japanese
264912,Cathern Friday,49,Canadian
636603,Janina Nutter,19,Canadian
426857,Jerri Ake,18,Canadian
758765,Cyndi Peeples,31,German
929237,Kathaleen Ezzell,25,Russian
719163,Kenna Rankins,27,Canadian
194554,Belkis Adler,70,Canadian
747690,Ricardo Blansett,34,Canadian
455049,Evelina Sober,46,Italian
607753,Oda Luthy,51,Canadian
293005,Ami Becraft,33,Canadian
726041,Syble Cawley,76,Canadian
246425,Vivien Merlos,55,Canadian
829220,Davida France,19,Canadian
557994,Danette Lazard,87,Canadian
815440,Beaulah Claude,69,Canadian
978850,Alissa No,65,Japanese
845464,Luana Banta,26,Canadian
536294,Jerrica Hisey,47,French
283630,Leta Toothaker,18,Russian
791833,Benito Nigro,52,Italian
894148,Ana Frizzell,44,Canadian
839507,Kerry Ogren,24,French
438751,Nickole Gorder,68,French
245829,Shandra Jefferis,81,Russian
385189,Particia Mosbey,30,Canadian
371643,Lavonia Briant,18,Canadian
341242,Marcella Schoenberg,31,Canadian
645014,Monserrate Horst,36,German
653739,Dodie Lagarde,32,Canadian
821882,Chiquita Uy,70,British
835337,Tien Searight,34,French
871160,Stepanie Gettings,18,Japanese
867806,Hiram Main,77,Canadian
412649,Alaine Nesmith,38,Japanese
625363,Nelida Ruffin,36,Russian
688718,Katherin Reda,41,French
335460,Octavia Lentz,37,German
670939,Soraya Swinney,85,German
237916,Shemeka Pixler,43,Italian
689168,Javier Stamey,82,Canadian
369858,Cassey Luckie,78,German
478250,Tamesha Persaud,21,French
531798,Elizbeth Schlemmer,45,British
865910,Delsie Treece,73,Canadian
125058,Lindsay Wakefield,21,American
530350,Galen Dunleavy,73,German
833398,Golda Kauzlarich,45,British
788249,Jayne Neu,29,Canadian
263051,Nikki Glantz,80,Russian
889328,Cathi Hassen,47,Canadian
625786,Danyel Pugliese,24,Italian
969550,Eliza Burgdorf,40,Canadian
517524,Gwyn Amezcua,72,Russian
655940,Adah Astudillo,37,American
782625,Raymonde Dooley,63,Canadian
812637,Jeanne Madding,18,Canadian
704217,Maura Molitor,57,Canadian
737268,Kiley Crimmins,27,Canadian
630025,Karina Terpstra,50,Canadian
220126,Wilber Joslin,76,Canadian
812082,Kieth Plate,50,French
297963,Camilla Eriksen,44,Italian
252252,Judi Alberti,62,British
834093,Sung Herzberg,55,Canadian
103251,Adele Mcgonigle,46,French
543340,Dotty Estelle,74,American
453555,Dorthey Sanchez,66,Japanese
847341,Wilbert Zielinski,41,Russian
342260,Parthenia Wallen,21,Canadian
324686,Jolie Bilger,71,French
935650,Ilona Boutin,34,Italian
548025,Jeane Meldrum,58,Canadian
822428,Lara Burrough,51,American
592826,Carmon No,80,British
342987,Tammera Rough,77,Canadian
651197,Sid Tondreau,35,Canadian
459766,Dona Vangieson,43,Canadian
516299,Merri Raasch,78,British
374007,Criselda Cerna,44,German
362728,Madelyn Carney,34,Canadian
746343,Joye Huggins,39,American
142544,Omar Alphin,37,German
889713,Nereida Hedden,75,Italian
528425,Jammie Bryce,21,Canadian
190893,Cherilyn Tonn,48,Canadian
652091,Johna Mollett,42,Canadian
210361,Felicita Holliman,86,Canadian
807443,Josef Bjornson,40,Russian
503866,Johnathan Strohm,75,Russian
567189,Elmira Moralez,82,Canadian
820106,Ester Trimpe,29,British
427001,Shalonda Barto,65,Italian
431541,Brigitte Marson,31,Canadian
736595,Anitra Jeff,85,Canadian
944613,Darcy Baughn,72,British
655939,Fermina Wicklund,56,Japanese
158325,Sheree Lotz,73,Canadian
866264,Lorean Lemelin,84,American
912655,Jolanda Skoog,57,British
366669,Margene Varga,74,Canadian
715754,Lorri Mancino,80,Canadian
250371,Danita Otts,29,Italian
675768,Sharmaine Mena,59,Canadian
469883,Herb Rigg,46,Canadian
426917,Tara Millay,19,Japanese
533364,Tatiana Faris,30,German
237993,Glen Philipps,76,Canadian
787951,Sanda Junk,23,Canadian
366737,Ossie Thorpe,37,Japanese
939942,Zonia Lindberg,78,German
160475,Julio Ellett,47,Canadian
132937,Vern Pauley,89,French
241672,Marla Kottke,75,American
462604,Demetra Eck,73,French
672628,Olga Widmer,61,Italian
274255,Vernon Garbett,53,French
450200,Luisa Poyner,33,Japanese
116416,Leatrice Vannote,31,Canadian
826033,Ramonita Guinan,51,Canadian
626068,Shemika Conn,31,French
687664,Kara Collette,43,Canadian
460404,Arcelia Giannini,79,Japanese
597536,Claretta Noyes,22,Canadian
188912,Katheryn Galle,64,German
116330,Sandee Mcamis,59,Canadian
793695,Zoraida Santi,65,Canadian
602912,Ahmad Peveto,65,American
497958,Micha Kaczmarek,64,American
556385,Slyvia Sauer,21,Italian
684703,Carmella Mcdougal,57,Canadian
205877,Wendolyn Cremin,51,Canadian
893105,Kerrie Hearne,65,Russian
734483,Manuela Feldt,45,British
461809,Pearlene Thibodeaux,64,Russian
635633,Calvin Tinney,43,Canadian
726182,Anastacia Wingate,33,American
634398,Thalia Brigmond,59,Japanese
375098,Mandi Lazard,20,Russian
729074,Jake Watwood,64,Canadian
731695,Dorotha Loera,59,Canadian
482361,Jacquelyn Hensley,20,Japanese
385069,Heather Mcgranahan,27,Canadian
592032,Vanesa Hutt,22,Canadian
596799,Raguel Benedict,56,American
619334,Austin Rothe,18,American
597731,Tyisha Pair,58,Russian
501403,Allen Sassman,19,German
308122,Aisha Sells,78,French
184028,Edie Mota,52,Russian
739553,Lavette Turek,77,British
658186,Lesli Brumfield,28,French
985331,Mardell Boysen,68,Canadian
518282,Sage Witherow,30,Canadian
373663,Megan Coop,53,Canadian
302958,Shae Clair,81,German
364260,Joshua Coburn,87,Italian
667665,Cherise Cawley,23,Russian
954182,Antoine Huls,75,Canadian
814507,Tasia Mcglothlen,30,Italian
683411,Alvera Burman,34,Canadian
441735,Juanita Angelo,53,American
250195,Saundra Chaudhry,85,Canadian
370341,Adalberto Okeeffe,87,Canadian
748429,Doyle Ausmus,29,British
509533,Shiela Mccluney,86,Canadian
143955,Mose Harriman,63,Canadian
612302,Stacia Bohland,58,German
514096,Briana Avilla,86,Japanese
860363,Melida Cortese,45,American
775689,Cyndy Harden,76,Canadian
268502,Lang Hadnot,60,Canadian
157528,Mariella Mauch,60,Canadian
176495,Kasie Gaudet,56,Canadian
795250,Genaro Luby,37,Canadian
839238,Micki Reddix,29,Canadian
576864,Frank Mcconville,47,British
687485,Ivonne Tippie,90,British
969339,Fausto Pion,72,Canadian
633926,Sachiko Boatright,35,French
224748,Lacy Wooden,87,Canadian
769477,Romelia Ary,23,Canadian
962495,Elisa Fiske,49,Canadian
551501,Daphine Corella,31,Canadian
668751,Corrin Redeker,45,Canadian
503868,Pablo Jarboe,45,Canadian
510984,Florence Cipriani,69,Canadian
905500,Melinda Theroux,55,French
880127,Meda Bara,45,Canadian
449460,Lovie Querry,70,German
660119,Shantae Nair,33,Canadian
578453,Ruthie Sabir,46,Canadian
278260,Rosalva Edlund,56,American
356451,Tesha Lyford,59,Russian
177589,Leah Englert,60,Italian
208498,Juan Kleinschmidt,61,Canadian
441327,Anneliese Leveille,65,British
605852,Myriam Barbara,25,French
266767,Caroline Reese,46,American
103934,Darron Garner,18,Italian
421954,Jeramy Acre,70,Italian
401610,Tonya Udell,33,Canadian
839066,Susy Cockrell,85,Japanese
894762,Regina Colas,27,French
593786,Kiara Eversole,33,British
822932,Sharleen Perine,72,French
508829,Lorelei Turpen,19,Canadian
775438,Joycelyn Cheatham,74,Canadian
192067,Breana Cannaday,19,Canadian
441817,Zoila Stansel,76,Russian
357111,Charley Crenshaw,32,Canadian
469769,Roxann Gills,42,Canadian
991433,Toya Weiland,18,French
172102,Ike Holzer,77,Canadian
344301,Bethann Troncoso,67,Italian
109267,Abe Redwine,31,British
767830,Lani Bivens,55,German
509174,Rose Reiff,27,Canadian
281008,Desmond Chaput,76,Canadian
235386,Salena Lauver,43,Canadian
514461,Shana Troy,74,Russian
665754,Christoper Pastore,88,German
695844,Cinderella Keegan,19,French
314298,Bok Dee,40,British
256493,Shakia Shellenbarger,44,Canadian
587751,Antonina Raminez,59,Japanese
484190,Amparo Swisher,64,Canadian
981302,Ileana Millikan,34,Italian
567288,Natasha Eastin,20,Canadian
542019,Rigoberto Berumen,19,French
410673,Florence Fahnestock,85,Canadian
825660,Lucilla Lamere,68,British
722290,Francina Killion,90,French
533532,Cristopher Withrow,86,American
539824,Sharlene Dietz,28,Canadian
286382,Zona Langner,74,Japanese
282574,Samantha Imhoff,39,American
492437,Christin Hinderliter,86,Japanese
591911,Kirstin Resch,63,Canadian
173419,Melody Carbo,59,Canadian
229809,Guillermina Crowson,47,Canadian
696387,Catharine Tavera,57,French
543048,Caroll Galloway,80,Canadian
396175,Charlyn Bevel,76,German
618883,Shin Millette,31,Italian
333098,Sasha Ditzler,67,British
867157,Linnea Tomasello,85,British
414812,Felipe Loeffler,53,American
342619,Jeanelle Krick,20,Canadian
846173,Marvella Whitford,26,American
512812,Coleman Mcgary,85,Russian
629009,Mercedes Schroth,86,British
255953,Marquetta Topp,48,Canadian
873655,Osvaldo Frances,73,Canadian
744941,Jacquelyne Millar,30,Italian
752079,Nelson Touchton,41,Canadian
305377,Joycelyn Schumacher,39,Italian
134606,Markus Darling,71,German
476316,Samual Gries,21,American
629168,Katherin Arrington,24,Canadian
198014,Chantel Mcgeorge,69,Canadian
340912,Nicolasa Stow,79,Canadian
172685,Gabriele Grimmer,83,German
817802,Jayne Dohrmann,25,American
453523,Edmund Greenleaf,75,British
120063,Estrella Goodwin,75,Canadian
973494,Torie Rambin,58,German
430405,Lovella Porterfield,75,German
398866,Bud Stickle,82,Japanese
123059,Rea Burtt,59,Canadian
446167,Luna Chouinard,78,British
381258,Jorge Northway,37,Russian
137136,Hildred Stefanski,24,British
614311,Giuseppina Strite,74,Italian
670623,Collene Philbrick,86,Canadian
351424,Sergio Grasser,43,Canadian
799164,Desmond Schuch,82,British
372721,Bruna Vizcarra,69,Canadian
689129,Nickie Mcelveen,29,Canadian
257962,Laticia Lemieux,29,Italian
273861,Masako Touchet,72,Canadian
763342,Stasia Leonardo,29,British
668962,Reba Degroot,24,American
829633,Lauralee Howe,32,German
162052,Waltraud Alequin,27,Italian
805843,Robena Music,25,Canadian
785432,Ines Krasner,46,Canadian
551077,Toccara Jara,47,American
991620,Martha Mcfarlain,61,Japanese
132464,Jade Armbruster,42,German
940320,Birgit Tonkin,64,Russian
255143,Emiko Sund,23,Canadian
144358,Terrence Wydra,43,Italian
157852,Merlene Billingslea,62,American
267197,Eddy Neville,22,Canadian
651643,Idell Ono,30,Canadian
635943,Duane Stockwell,49,Russian
384719,Wilda Pompei,50,Japanese
196778,Mariana Tezeno,23,Italian
750816,Lynette Mazzoni,56,Canadian
584698,Mickie Munos,64,Canadian
439729,Juana Bert,33,Italian
574862,Theresa Gladfelter,79,Italian
131135,Veda Pounds,51,Canadian
912455,Evie Laborde,42,Italian
694538,Charmain Abdullah,39,German
950973,Landon Edberg,84,Canadian
659642,Celina Abbot,60,French
813329,Natacha Mena,58,Canadian
581171,Fiona Stapp,74,Canadian
476034,Ginette Hunkins,33,French
877493,Cordia Raminez,83,British
788579,Mahalia Mercure,65,Canadian
605865,Winnie Sato,42,Italian
137794,Kimber Croslin,38,Canadian
201502,Darcel Guynn,21,Canadian
632434,Evelyne Dannenberg,60,Japanese
215508,Ryann Dickerman,37,Italian
898775,Ka Boswell,53,Canadian
779795,Peggy Hartt,45,Canadian
559034,Kittie Boniello,85,Canadian
471250,Joella Hunsberger,75,French
469874,Rolanda Buckles,59,Canadian
788281,Jules Hudon,45,Russian
705163,Agripina Brightman,79,Canadian
855315,Gwenn Kennamer,37,American
963342,Jeanice Dalke,42,British
479742,Signe Temples,43,Russian
299920,Katelynn Holdridge,55,French
327006,Arlyne Hogle,52,British
604272,Betsey Mccleary,28,Canadian
761398,Joslyn Jumper,61,Canadian
306230,Barney Ager,29,Russian
774995,Rubi Beach,52,Canadian
252822,Glenda Keehn,87,Italian
530895,Sabrina Shadley,69,Canadian
313495,Vanetta Bejarano,23,Italian
352902,Lyndsey Fulghum,43,German
999006,Shandi Vanduzer,41,British
177774,Dwain Steigerwald,30,Canadian
457210,Kristan Osei,60,Russian
132915,Trenton Arvin,77,Russian
766019,Ronna Mcpherson,87,Russian
291134,Danelle Eye,28,Canadian
839221,Jackie Meads,82,Canadian
866341,Tempie Coller,33,French
848890,Roselia Current,85,Canadian
879015,Jeffry Crafford,63,French
109427,Iona Defilippo,41,Canadian
958653,Williams Abney,53,Canadian
335526,Antonina Bolten,27,Italian
343356,Alleen Pool,74,Japanese
814427,Crystle Vidal,73,American
507227,Carlota Morissette,76,French
236281,Shera Cunniff,62,Japanese
557115,Bette Colella,83,Russian
844412,Ethyl Cobble,71,Russian
484168,Thu Roger,66,Italian
753285,Donna Dowless,27,French
950424,Renata Sandler,41,American
876137,Kandi Noblitt,83,Canadian
933394,Anisa Ambrose,43,Japanese
373990,Norman Provo,73,Canadian
219473,Lindsey Grate,75,Canadian
841942,Aileen Walcott,41,British
746942,Shela Kaufman,33,American
216650,Claud Prahl,34,Canadian
160596,Sheron Tjaden,84,French
688104,Dalene Aylward,61,Russian
294249,Sona Mcquaid,55,Canadian
840794,Leanora Wilke,31,Canadian
779043,Taylor Howlett,86,British
809689,Trisha Bethel,31,Canadian
988906,Williemae Kester,40,Canadian
781777,Fatima Burtt,21,Canadian
337476,Na Pang,83,Italian
750496,Ismael Butters,64,Canadian
295842,Autumn Sharif,65,American
626248,Ernestine Pelletier,65,Canadian
156844,Devorah Alaniz,86,German
198163,Catherine Athens,24,Canadian
210249,Evangeline Saur,46,British
994407,Mariam Holzinger,26,American
932819,Jimmy Vicks,74,British
156151,Sachiko Christopher,48,British
970261,Albert Dansereau,63,Japanese
714872,Ivy Zemlicka,80,German
471333,Corrina Tennison,34,Canadian
281960,Michell Brisson,78,French
497189,Micah Bertin,25,French
373004,Dan Siguenza,41,Russian
